dia,moeda,tendencia
2025-07-03,AUD,NENHUMA
2025-07-03,CAD,NENHUMA
2025-07-03,CHF,NENHUMA
2025-07-03,EUR,NENHUMA
2025-07-03,GBP,NENHUMA
2025-07-03,JPY,NENHUMA
2025-07-03,NZD,NENHUMA
2025-07-03,USD,NENHUMA
2025-07-04,AUD,BAIXA
2025-07-04,CAD,BAIXA
2025-07-04,CHF,NENHUMA
2025-07-04,EUR,NENHUMA
2025-07-04,GBP,NENHUMA
2025-07-04,JPY,ALTA
2025-07-04,NZD,NENHUMA
2025-07-04,USD,NENHUMA
2025-07-07,AUD,BAIXA
2025-07-07,CAD,NENHUMA
2025-07-07,CHF,NENHUMA
2025-07-07,EUR,NENHUMA
2025-07-07,GBP,NENHUMA
2025-07-07,JPY,NENHUMA
2025-07-07,NZD,BAIXA
2025-07-07,USD,ALTA
2025-07-08,AUD,ALTA
2025-07-08,CAD,NENHUMA
2025-07-08,CHF,NENHUMA
2025-07-08,EUR,ALTA
2025-07-08,GBP,NENHUMA
2025-07-08,JPY,BAIXA
2025-07-08,NZD,NENHUMA
2025-07-08,USD,NENHUMA
2025-07-09,AUD,NENHUMA
2025-07-09,CAD,NENHUMA
2025-07-09,CHF,NENHUMA
2025-07-09,EUR,NENHUMA
2025-07-09,GBP,ALTA
2025-07-09,JPY,NENHUMA
2025-07-09,NZD,NENHUMA
2025-07-09,USD,NENHUMA
2025-07-10,AUD,ALTA
2025-07-10,CAD,NENHUMA
2025-07-10,CHF,BAIXA
2025-07-10,EUR,NENHUMA
2025-07-10,GBP,NENHUMA
2025-07-10,JPY,NENHUMA
2025-07-10,NZD,NENHUMA
2025-07-10,USD,NENHUMA
2025-07-11,AUD,NENHUMA
2025-07-11,CAD,NENHUMA
2025-07-11,CHF,NENHUMA
2025-07-11,EUR,NENHUMA
2025-07-11,GBP,NENHUMA
2025-07-11,JPY,BAIXA
2025-07-11,NZD,NENHUMA
2025-07-11,USD,NENHUMA
2025-07-14,AUD,NENHUMA
2025-07-14,CAD,ALTA
2025-07-14,CHF,NENHUMA
2025-07-14,EUR,ALTA
2025-07-14,GBP,NENHUMA
2025-07-14,JPY,NENHUMA
2025-07-14,NZD,NENHUMA
2025-07-14,USD,NENHUMA
2025-07-15,AUD,NENHUMA
2025-07-15,CAD,NENHUMA
2025-07-15,CHF,NENHUMA
2025-07-15,EUR,NENHUMA
2025-07-15,GBP,NENHUMA
2025-07-15,JPY,NENHUMA
2025-07-15,NZD,NENHUMA
2025-07-15,USD,NENHUMA
2025-07-16,AUD,NENHUMA
2025-07-16,CAD,NENHUMA
2025-07-16,CHF,NENHUMA
2025-07-16,EUR,ALTA
2025-07-16,GBP,NENHUMA
2025-07-16,JPY,NENHUMA
2025-07-16,NZD,NENHUMA
2025-07-16,USD,NENHUMA
2025-07-17,AUD,BAIXA
2025-07-17,CAD,NENHUMA
2025-07-17,CHF,NENHUMA
2025-07-17,EUR,NENHUMA
2025-07-17,GBP,ALTA
2025-07-17,JPY,NENHUMA
2025-07-17,NZD,NENHUMA
2025-07-17,USD,ALTA
2025-07-18,AUD,ALTA
2025-07-18,CAD,NENHUMA
2025-07-18,CHF,NENHUMA
2025-07-18,EUR,NENHUMA
2025-07-18,GBP,NENHUMA
2025-07-18,JPY,BAIXA
2025-07-18,NZD,ALTA
2025-07-18,USD,BAIXA
2025-07-21,AUD,NENHUMA
2025-07-21,CAD,NENHUMA
2025-07-21,CHF,NENHUMA
2025-07-21,EUR,NENHUMA
2025-07-21,GBP,ALTA
2025-07-21,JPY,NENHUMA
2025-07-21,NZD,NENHUMA
2025-07-21,USD,NENHUMA
2025-07-22,AUD,NENHUMA
2025-07-22,CAD,NENHUMA
2025-07-22,CHF,NENHUMA
2025-07-22,EUR,ALTA
2025-07-22,GBP,NENHUMA
2025-07-22,JPY,NENHUMA
2025-07-22,NZD,BAIXA
2025-07-22,USD,NENHUMA
2025-07-23,AUD,ALTA
2025-07-23,CAD,NENHUMA
2025-07-23,CHF,NENHUMA
2025-07-23,EUR,BAIXA
2025-07-23,GBP,NENHUMA
2025-07-23,JPY,NENHUMA
2025-07-23,NZD,ALTA
2025-07-23,USD,NENHUMA
2025-07-24,AUD,ALTA
2025-07-24,CAD,NENHUMA
2025-07-24,CHF,NENHUMA
2025-07-24,EUR,NENHUMA
2025-07-24,GBP,BAIXA
2025-07-24,JPY,NENHUMA
2025-07-24,NZD,NENHUMA
2025-07-24,USD,NENHUMA
2025-07-25,AUD,NENHUMA
2025-07-25,CAD,NENHUMA
2025-07-25,CHF,NENHUMA
2025-07-25,EUR,ALTA
2025-07-25,GBP,NENHUMA
2025-07-25,JPY,BAIXA
2025-07-25,NZD,NENHUMA
2025-07-25,USD,ALTA
2025-07-28,AUD,BAIXA
2025-07-28,CAD,NENHUMA
2025-07-28,CHF,NENHUMA
2025-07-28,EUR,NENHUMA
2025-07-28,GBP,ALTA
2025-07-28,JPY,NENHUMA
2025-07-28,NZD,BAIXA
2025-07-28,USD,ALTA
2025-07-29,AUD,NENHUMA
2025-07-29,CAD,NENHUMA
2025-07-29,CHF,BAIXA
2025-07-29,EUR,NENHUMA
2025-07-29,GBP,NENHUMA
2025-07-29,JPY,NENHUMA
2025-07-29,NZD,NENHUMA
2025-07-29,USD,NENHUMA
2025-07-30,AUD,BAIXA
2025-07-30,CAD,BAIXA
2025-07-30,CHF,NENHUMA
2025-07-30,EUR,NENHUMA
2025-07-30,GBP,NENHUMA
2025-07-30,JPY,NENHUMA
2025-07-30,NZD,NENHUMA
2025-07-30,USD,NENHUMA
2025-07-31,AUD,NENHUMA
2025-07-31,CAD,BAIXA
2025-07-31,CHF,NENHUMA
2025-07-31,EUR,ALTA
2025-07-31,GBP,NENHUMA
2025-07-31,JPY,BAIXA
2025-07-31,NZD,NENHUMA
2025-07-31,USD,NENHUMA
2025-08-01,AUD,NENHUMA
2025-08-01,CAD,NENHUMA
2025-08-01,CHF,BAIXA
2025-08-01,EUR,NENHUMA
2025-08-01,GBP,NENHUMA
2025-08-01,JPY,ALTA
2025-08-01,NZD,BAIXA
2025-08-01,USD,NENHUMA
2025-08-04,AUD,ALTA
2025-08-04,CAD,NENHUMA
2025-08-04,CHF,BAIXA
2025-08-04,EUR,NENHUMA
2025-08-04,GBP,ALTA
2025-08-04,JPY,BAIXA
2025-08-04,NZD,NENHUMA
2025-08-04,USD,NENHUMA
2025-08-05,AUD,NENHUMA
2025-08-05,CAD,NENHUMA
2025-08-05,CHF,BAIXA
2025-08-05,EUR,NENHUMA
2025-08-05,GBP,ALTA
2025-08-05,JPY,NENHUMA
2025-08-05,NZD,NENHUMA
2025-08-05,USD,ALTA
2025-08-06,AUD,ALTA
2025-08-06,CAD,NENHUMA
2025-08-06,CHF,BAIXA
2025-08-06,EUR,NENHUMA
2025-08-06,GBP,NENHUMA
2025-08-06,JPY,BAIXA
2025-08-06,NZD,ALTA
2025-08-06,USD,NENHUMA
2025-08-07,AUD,ALTA
2025-08-07,CAD,NENHUMA
2025-08-07,CHF,BAIXA
2025-08-07,EUR,NENHUMA
2025-08-07,GBP,NENHUMA
2025-08-07,JPY,NENHUMA
2025-08-07,NZD,ALTA
2025-08-07,USD,NENHUMA
2025-08-08,AUD,NENHUMA
2025-08-08,CAD,NENHUMA
2025-08-08,CHF,BAIXA
2025-08-08,EUR,NENHUMA
2025-08-08,GBP,NENHUMA
2025-08-08,JPY,BAIXA
2025-08-08,NZD,NENHUMA
2025-08-08,USD,NENHUMA
2025-08-11,AUD,NENHUMA
2025-08-11,CAD,NENHUMA
2025-08-11,CHF,NENHUMA
2025-08-11,EUR,ALTA
2025-08-11,GBP,ALTA
2025-08-11,JPY,NENHUMA
2025-08-11,NZD,NENHUMA
2025-08-11,USD,NENHUMA
2025-08-12,AUD,NENHUMA
2025-08-12,CAD,NENHUMA
2025-08-12,CHF,ALTA
2025-08-12,EUR,NENHUMA
2025-08-12,GBP,ALTA
2025-08-12,JPY,BAIXA
2025-08-12,NZD,NENHUMA
2025-08-12,USD,NENHUMA
2025-08-13,AUD,NENHUMA
2025-08-13,CAD,BAIXA
2025-08-13,CHF,NENHUMA
2025-08-13,EUR,NENHUMA
2025-08-13,GBP,ALTA
2025-08-13,JPY,NENHUMA
2025-08-13,NZD,ALTA
2025-08-13,USD,BAIXA
2025-08-14,AUD,NENHUMA
2025-08-14,CAD,NENHUMA
2025-08-14,CHF,BAIXA
2025-08-14,EUR,NENHUMA
2025-08-14,GBP,ALTA
2025-08-14,JPY,ALTA
2025-08-14,NZD,BAIXA
2025-08-14,USD,NENHUMA
2025-08-15,AUD,NENHUMA
2025-08-15,CAD,BAIXA
2025-08-15,CHF,NENHUMA
2025-08-15,EUR,ALTA
2025-08-15,GBP,NENHUMA
2025-08-15,JPY,ALTA
2025-08-15,NZD,NENHUMA
2025-08-15,USD,BAIXA
2025-08-18,AUD,NENHUMA
2025-08-18,CAD,ALTA
2025-08-18,CHF,BAIXA
2025-08-18,EUR,BAIXA
2025-08-18,GBP,NENHUMA
2025-08-18,JPY,NENHUMA
2025-08-18,NZD,ALTA
2025-08-18,USD,NENHUMA
2025-08-19,AUD,NENHUMA
2025-08-19,CAD,BAIXA
2025-08-19,CHF,NENHUMA
2025-08-19,EUR,ALTA
2025-08-19,GBP,NENHUMA
2025-08-19,JPY,NENHUMA
2025-08-19,NZD,NENHUMA
2025-08-19,USD,NENHUMA
2025-08-20,AUD,NENHUMA
2025-08-20,CAD,NENHUMA
2025-08-20,CHF,NENHUMA
2025-08-20,EUR,NENHUMA
2025-08-20,GBP,ALTA
2025-08-20,JPY,NENHUMA
2025-08-20,NZD,BAIXA
2025-08-20,USD,NENHUMA
2025-08-21,AUD,NENHUMA
2025-08-21,CAD,NENHUMA
2025-08-21,CHF,BAIXA
2025-08-21,EUR,NENHUMA
2025-08-21,GBP,ALTA
2025-08-21,JPY,NENHUMA
2025-08-21,NZD,NENHUMA
2025-08-21,USD,NENHUMA
2025-08-22,AUD,ALTA
2025-08-22,CAD,NENHUMA
2025-08-22,CHF,BAIXA
2025-08-22,EUR,NENHUMA
2025-08-22,GBP,NENHUMA
2025-08-22,JPY,BAIXA
2025-08-22,NZD,NENHUMA
2025-08-22,USD,NENHUMA
2025-08-25,AUD,NENHUMA
2025-08-25,CAD,NENHUMA
2025-08-25,CHF,NENHUMA
2025-08-25,EUR,NENHUMA
2025-08-25,GBP,NENHUMA
2025-08-25,JPY,BAIXA
2025-08-25,NZD,NENHUMA
2025-08-25,USD,NENHUMA
2025-08-26,AUD,NENHUMA
2025-08-26,CAD,NENHUMA
2025-08-26,CHF,NENHUMA
2025-08-26,EUR,NENHUMA
2025-08-26,GBP,ALTA
2025-08-26,JPY,NENHUMA
2025-08-26,NZD,NENHUMA
2025-08-26,USD,NENHUMA
2025-08-27,AUD,NENHUMA
2025-08-27,CAD,ALTA
2025-08-27,CHF,NENHUMA
2025-08-27,EUR,NENHUMA
2025-08-27,GBP,NENHUMA
2025-08-27,JPY,NENHUMA
2025-08-27,NZD,BAIXA
2025-08-27,USD,ALTA
2025-08-28,AUD,NENHUMA
2025-08-28,CAD,NENHUMA
2025-08-28,CHF,NENHUMA
2025-08-28,EUR,NENHUMA
2025-08-28,GBP,NENHUMA
2025-08-28,JPY,NENHUMA
2025-08-28,NZD,NENHUMA
2025-08-28,USD,NENHUMA
2025-08-29,AUD,NENHUMA
2025-08-29,CAD,NENHUMA
2025-08-29,CHF,NENHUMA
2025-08-29,EUR,NENHUMA
2025-08-29,GBP,BAIXA
2025-08-29,JPY,NENHUMA
2025-08-29,NZD,NENHUMA
2025-08-29,USD,NENHUMA
2025-09-01,AUD,NENHUMA
2025-09-01,CAD,NENHUMA
2025-09-01,CHF,BAIXA
2025-09-01,EUR,ALTA
2025-09-01,GBP,ALTA
2025-09-01,JPY,BAIXA
2025-09-01,NZD,NENHUMA
2025-09-01,USD,NENHUMA
2025-09-02,AUD,NENHUMA
2025-09-02,CAD,ALTA
2025-09-02,CHF,NENHUMA
2025-09-02,EUR,NENHUMA
2025-09-02,GBP,BAIXA
2025-09-02,JPY,BAIXA
2025-09-02,NZD,NENHUMA
2025-09-02,USD,ALTA
2025-09-03,AUD,NENHUMA
2025-09-03,CAD,NENHUMA
2025-09-03,CHF,NENHUMA
2025-09-03,EUR,ALTA
2025-09-03,GBP,ALTA
2025-09-03,JPY,BAIXA
2025-09-03,NZD,NENHUMA
2025-09-03,USD,NENHUMA
2025-09-04,AUD,NENHUMA
2025-09-04,CAD,NENHUMA
2025-09-04,CHF,BAIXA
2025-09-04,EUR,NENHUMA
2025-09-04,GBP,ALTA
2025-09-04,JPY,NENHUMA
2025-09-04,NZD,NENHUMA
2025-09-04,USD,NENHUMA
2025-09-05,AUD,NENHUMA
2025-09-05,CAD,NENHUMA
2025-09-05,CHF,NENHUMA
2025-09-05,EUR,NENHUMA
2025-09-05,GBP,NENHUMA
2025-09-05,JPY,NENHUMA
2025-09-05,NZD,ALTA
2025-09-05,USD,BAIXA
2025-09-08,AUD,ALTA
2025-09-08,CAD,NENHUMA
2025-09-08,CHF,NENHUMA
2025-09-08,EUR,NENHUMA
2025-09-08,GBP,NENHUMA
2025-09-08,JPY,NENHUMA
2025-09-08,NZD,ALTA
2025-09-08,USD,BAIXA
2025-09-09,AUD,ALTA
2025-09-09,CAD,NENHUMA
2025-09-09,CHF,NENHUMA
2025-09-09,EUR,NENHUMA
2025-09-09,GBP,NENHUMA
2025-09-09,JPY,ALTA
2025-09-09,NZD,NENHUMA
2025-09-09,USD,NENHUMA
2025-09-10,AUD,ALTA
2025-09-10,CAD,NENHUMA
2025-09-10,CHF,NENHUMA
2025-09-10,EUR,NENHUMA
2025-09-10,GBP,NENHUMA
2025-09-10,JPY,BAIXA
2025-09-10,NZD,NENHUMA
2025-09-10,USD,NENHUMA
2025-09-11,AUD,NENHUMA
2025-09-11,CAD,NENHUMA
2025-09-11,CHF,NENHUMA
2025-09-11,EUR,ALTA
2025-09-11,GBP,NENHUMA
2025-09-11,JPY,BAIXA
2025-09-11,NZD,NENHUMA
2025-09-11,USD,NENHUMA
2025-09-12,AUD,NENHUMA
2025-09-12,CAD,NENHUMA
2025-09-12,CHF,NENHUMA
2025-09-12,EUR,ALTA
2025-09-12,GBP,NENHUMA
2025-09-12,JPY,BAIXA
2025-09-12,NZD,NENHUMA
2025-09-12,USD,ALTA
2025-09-15,AUD,NENHUMA
2025-09-15,CAD,NENHUMA
2025-09-15,CHF,NENHUMA
2025-09-15,EUR,NENHUMA
2025-09-15,GBP,ALTA
2025-09-15,JPY,NENHUMA
2025-09-15,NZD,NENHUMA
2025-09-15,USD,NENHUMA
2025-09-16,AUD,NENHUMA
2025-09-16,CAD,BAIXA
2025-09-16,CHF,NENHUMA
2025-09-16,EUR,ALTA
2025-09-16,GBP,NENHUMA
2025-09-16,JPY,NENHUMA
2025-09-16,NZD,NENHUMA
2025-09-16,USD,NENHUMA
2025-09-17,AUD,NENHUMA
2025-09-17,CAD,NENHUMA
2025-09-17,CHF,NENHUMA
2025-09-17,EUR,NENHUMA
2025-09-17,GBP,NENHUMA
2025-09-17,JPY,NENHUMA
2025-09-17,NZD,NENHUMA
2025-09-17,USD,NENHUMA
2025-09-18,AUD,NENHUMA
2025-09-18,CAD,NENHUMA
2025-09-18,CHF,NENHUMA
2025-09-18,EUR,ALTA
2025-09-18,GBP,ALTA
2025-09-18,JPY,NENHUMA
2025-09-18,NZD,BAIXA
2025-09-18,USD,NENHUMA
2025-09-19,AUD,NENHUMA
2025-09-19,CAD,NENHUMA
2025-09-19,CHF,BAIXA
2025-09-19,EUR,NENHUMA
2025-09-19,GBP,NENHUMA
2025-09-19,JPY,NENHUMA
2025-09-19,NZD,NENHUMA
2025-09-19,USD,NENHUMA
2025-09-22,AUD,NENHUMA
2025-09-22,CAD,BAIXA
2025-09-22,CHF,NENHUMA
2025-09-22,EUR,ALTA
2025-09-22,GBP,ALTA
2025-09-22,JPY,NENHUMA
2025-09-22,NZD,NENHUMA
2025-09-22,USD,NENHUMA
2025-09-23,AUD,NENHUMA
2025-09-23,CAD,BAIXA
2025-09-23,CHF,NENHUMA
2025-09-23,EUR,NENHUMA
2025-09-23,GBP,NENHUMA
2025-09-23,JPY,NENHUMA
2025-09-23,NZD,NENHUMA
2025-09-23,USD,NENHUMA
2025-09-24,AUD,ALTA
2025-09-24,CAD,NENHUMA
2025-09-24,CHF,BAIXA
2025-09-24,EUR,NENHUMA
2025-09-24,GBP,NENHUMA
2025-09-24,JPY,BAIXA
2025-09-24,NZD,NENHUMA
2025-09-24,USD,NENHUMA
2025-09-25,AUD,ALTA
2025-09-25,CAD,NENHUMA
2025-09-25,CHF,BAIXA
2025-09-25,EUR,NENHUMA
2025-09-25,GBP,NENHUMA
2025-09-25,JPY,NENHUMA
2025-09-25,NZD,NENHUMA
2025-09-25,USD,NENHUMA
2025-09-26,AUD,NENHUMA
2025-09-26,CAD,BAIXA
2025-09-26,CHF,NENHUMA
2025-09-26,EUR,ALTA
2025-09-26,GBP,ALTA
2025-09-26,JPY,NENHUMA
2025-09-26,NZD,NENHUMA
2025-09-26,USD,NENHUMA
2025-10-01,AUD,NENHUMA
2025-10-01,CAD,BAIXA
2025-10-01,CHF,NENHUMA
2025-10-01,EUR,NENHUMA
2025-10-01,GBP,NENHUMA
2025-10-01,JPY,ALTA
2025-10-01,NZD,NENHUMA
2025-10-01,USD,NENHUMA
2025-10-02,AUD,NENHUMA
2025-10-02,CAD,BAIXA
2025-10-02,CHF,NENHUMA
2025-10-02,EUR,NENHUMA
2025-10-02,GBP,NENHUMA
2025-10-02,JPY,NENHUMA
2025-10-02,NZD,ALTA
2025-10-02,USD,BAIXA
2025-10-03,AUD,NENHUMA
2025-10-03,CAD,NENHUMA
2025-10-03,CHF,NENHUMA
2025-10-03,EUR,ALTA
2025-10-03,GBP,NENHUMA
2025-10-03,JPY,BAIXA
2025-10-03,NZD,NENHUMA
2025-10-03,USD,NENHUMA
2025-10-06,AUD,ALTA
2025-10-06,CAD,NENHUMA
2025-10-06,CHF,NENHUMA
2025-10-06,EUR,BAIXA
2025-10-06,GBP,NENHUMA
2025-10-06,JPY,BAIXA
2025-10-06,NZD,NENHUMA
2025-10-06,USD,NENHUMA
2025-10-07,AUD,NENHUMA
2025-10-07,CAD,ALTA
2025-10-07,CHF,NENHUMA
2025-10-07,EUR,NENHUMA
2025-10-07,GBP,NENHUMA
2025-10-07,JPY,NENHUMA
2025-10-07,NZD,BAIXA
2025-10-07,USD,ALTA
2025-10-08,AUD,NENHUMA
2025-10-08,CAD,ALTA
2025-10-08,CHF,NENHUMA
2025-10-08,EUR,NENHUMA
2025-10-08,GBP,NENHUMA
2025-10-08,JPY,BAIXA
2025-10-08,NZD,NENHUMA
2025-10-08,USD,ALTA
2025-10-09,AUD,NENHUMA
2025-10-09,CAD,NENHUMA
2025-10-09,CHF,NENHUMA
2025-10-09,EUR,NENHUMA
2025-10-09,GBP,BAIXA
2025-10-09,JPY,NENHUMA
2025-10-09,NZD,NENHUMA
2025-10-09,USD,NENHUMA
2025-10-10,AUD,NENHUMA
2025-10-10,CAD,BAIXA
2025-10-10,CHF,NENHUMA
2025-10-10,EUR,ALTA
2025-10-10,GBP,NENHUMA
2025-10-10,JPY,NENHUMA
2025-10-10,NZD,NENHUMA
2025-10-10,USD,NENHUMA
2025-10-13,AUD,NENHUMA
2025-10-13,CAD,NENHUMA
2025-10-13,CHF,BAIXA
2025-10-13,EUR,NENHUMA
2025-10-13,GBP,NENHUMA
2025-10-13,JPY,NENHUMA
2025-10-13,NZD,NENHUMA
2025-10-13,USD,NENHUMA
2025-10-14,AUD,BAIXA
2025-10-14,CAD,NENHUMA
2025-10-14,CHF,ALTA
2025-10-14,EUR,NENHUMA
2025-10-14,GBP,NENHUMA
2025-10-14,JPY,NENHUMA
2025-10-14,NZD,BAIXA
2025-10-14,USD,NENHUMA
2025-10-15,AUD,ALTA
2025-10-15,CAD,BAIXA
2025-10-15,CHF,BAIXA
2025-10-15,EUR,NENHUMA
2025-10-15,GBP,NENHUMA
2025-10-15,JPY,NENHUMA
2025-10-15,NZD,NENHUMA
2025-10-15,USD,NENHUMA
2025-10-16,AUD,NENHUMA
2025-10-16,CAD,NENHUMA
2025-10-16,CHF,NENHUMA
2025-10-16,EUR,NENHUMA
2025-10-16,GBP,ALTA
2025-10-16,JPY,NENHUMA
2025-10-16,NZD,NENHUMA
2025-10-16,USD,NENHUMA
2025-10-17,AUD,BAIXA
2025-10-17,CAD,NENHUMA
2025-10-17,CHF,ALTA
2025-10-17,EUR,NENHUMA
2025-10-17,GBP,NENHUMA
2025-10-17,JPY,NENHUMA
2025-10-17,NZD,NENHUMA
2025-10-17,USD,NENHUMA
2025-10-20,AUD,NENHUMA
2025-10-20,CAD,NENHUMA
2025-10-20,CHF,NENHUMA
2025-10-20,EUR,NENHUMA
2025-10-20,GBP,NENHUMA
2025-10-20,JPY,NENHUMA
2025-10-20,NZD,NENHUMA
2025-10-20,USD,NENHUMA
2025-10-21,AUD,NENHUMA
2025-10-21,CAD,NENHUMA
2025-10-21,CHF,NENHUMA
2025-10-21,EUR,ALTA
2025-10-21,GBP,NENHUMA
2025-10-21,JPY,BAIXA
2025-10-21,NZD,NENHUMA
2025-10-21,USD,ALTA
2025-10-22,AUD,NENHUMA
2025-10-22,CAD,NENHUMA
2025-10-22,CHF,NENHUMA
2025-10-22,EUR,NENHUMA
2025-10-22,GBP,BAIXA
2025-10-22,JPY,NENHUMA
2025-10-22,NZD,NENHUMA
2025-10-22,USD,NENHUMA
2025-10-23,AUD,ALTA
2025-10-23,CAD,NENHUMA
2025-10-23,CHF,BAIXA
2025-10-23,EUR,NENHUMA
2025-10-23,GBP,NENHUMA
2025-10-23,JPY,BAIXA
2025-10-23,NZD,ALTA
2025-10-23,USD,NENHUMA
2025-10-24,AUD,NENHUMA
2025-10-24,CAD,NENHUMA
2025-10-24,CHF,NENHUMA
2025-10-24,EUR,ALTA
2025-10-24,GBP,ALTA
2025-10-24,JPY,NENHUMA
2025-10-24,NZD,NENHUMA
2025-10-24,USD,NENHUMA
2025-10-27,AUD,NENHUMA
2025-10-27,CAD,NENHUMA
2025-10-27,CHF,NENHUMA
2025-10-27,EUR,NENHUMA
2025-10-27,GBP,NENHUMA
2025-10-27,JPY,NENHUMA
2025-10-27,NZD,NENHUMA
2025-10-27,USD,NENHUMA
2025-10-28,AUD,NENHUMA
2025-10-28,CAD,BAIXA
2025-10-28,CHF,NENHUMA
2025-10-28,EUR,NENHUMA
2025-10-28,GBP,BAIXA
2025-10-28,JPY,ALTA
2025-10-28,NZD,NENHUMA
2025-10-28,USD,NENHUMA
2025-10-29,AUD,ALTA
2025-10-29,CAD,NENHUMA
2025-10-29,CHF,BAIXA
2025-10-29,EUR,NENHUMA
2025-10-29,GBP,BAIXA
2025-10-29,JPY,NENHUMA
2025-10-29,NZD,NENHUMA
2025-10-29,USD,NENHUMA
2025-10-30,AUD,NENHUMA
2025-10-30,CAD,NENHUMA
2025-10-30,CHF,NENHUMA
2025-10-30,EUR,ALTA
2025-10-30,GBP,NENHUMA
2025-10-30,JPY,BAIXA
2025-10-30,NZD,NENHUMA
2025-10-30,USD,NENHUMA
2025-10-31,AUD,NENHUMA
2025-10-31,CAD,NENHUMA
2025-10-31,CHF,NENHUMA
2025-10-31,EUR,ALTA
2025-10-31,GBP,NENHUMA
2025-10-31,JPY,NENHUMA
2025-10-31,NZD,BAIXA
2025-10-31,USD,NENHUMA
2025-11-03,AUD,NENHUMA
2025-11-03,CAD,NENHUMA
2025-11-03,CHF,BAIXA
2025-11-03,EUR,NENHUMA
2025-11-03,GBP,NENHUMA
2025-11-03,JPY,NENHUMA
2025-11-03,NZD,NENHUMA
2025-11-03,USD,NENHUMA
2025-11-04,AUD,BAIXA
2025-11-04,CAD,NENHUMA
2025-11-04,CHF,NENHUMA
2025-11-04,EUR,NENHUMA
2025-11-04,GBP,NENHUMA
2025-11-04,JPY,ALTA
2025-11-04,NZD,BAIXA
2025-11-04,USD,NENHUMA
2025-11-05,AUD,NENHUMA
2025-11-05,CAD,BAIXA
2025-11-05,CHF,NENHUMA
2025-11-05,EUR,NENHUMA
2025-11-05,GBP,ALTA
2025-11-05,JPY,NENHUMA
2025-11-05,NZD,NENHUMA
2025-11-05,USD,NENHUMA
2025-11-06,AUD,NENHUMA
2025-11-06,CAD,NENHUMA
2025-11-06,CHF,NENHUMA
2025-11-06,EUR,NENHUMA
2025-11-06,GBP,ALTA
2025-11-06,JPY,NENHUMA
2025-11-06,NZD,NENHUMA
2025-11-06,USD,NENHUMA
2025-11-07,AUD,NENHUMA
2025-11-07,CAD,NENHUMA
2025-11-07,CHF,NENHUMA
2025-11-07,EUR,ALTA
2025-11-07,GBP,NENHUMA
2025-11-07,JPY,NENHUMA
2025-11-07,NZD,NENHUMA
2025-11-07,USD,NENHUMA
2025-11-10,AUD,ALTA
2025-11-10,CAD,NENHUMA
2025-11-10,CHF,BAIXA
2025-11-10,EUR,NENHUMA
2025-11-10,GBP,NENHUMA
2025-11-10,JPY,BAIXA
2025-11-10,NZD,NENHUMA
2025-11-10,USD,NENHUMA
2025-11-11,AUD,NENHUMA
2025-11-11,CAD,NENHUMA
2025-11-11,CHF,ALTA
2025-11-11,EUR,ALTA
2025-11-11,GBP,BAIXA
2025-11-11,JPY,NENHUMA
2025-11-11,NZD,NENHUMA
2025-11-11,USD,NENHUMA
2025-11-12,AUD,ALTA
2025-11-12,CAD,NENHUMA
2025-11-12,CHF,NENHUMA
2025-11-12,EUR,NENHUMA
2025-11-12,GBP,NENHUMA
2025-11-12,JPY,BAIXA
2025-11-12,NZD,NENHUMA
2025-11-12,USD,NENHUMA
2025-11-13,AUD,ALTA
2025-11-13,CAD,NENHUMA
2025-11-13,CHF,NENHUMA
2025-11-13,EUR,NENHUMA
2025-11-13,GBP,NENHUMA
2025-11-13,JPY,NENHUMA
2025-11-13,NZD,NENHUMA
2025-11-13,USD,BAIXA
2025-11-14,AUD,NENHUMA
2025-11-14,CAD,NENHUMA
2025-11-14,CHF,NENHUMA
2025-11-14,EUR,NENHUMA
2025-11-14,GBP,NENHUMA
2025-11-14,JPY,NENHUMA
2025-11-14,NZD,ALTA
2025-11-14,USD,NENHUMA
2025-11-17,AUD,NENHUMA
2025-11-17,CAD,NENHUMA
2025-11-17,CHF,NENHUMA
2025-11-17,EUR,NENHUMA
2025-11-17,GBP,ALTA
2025-11-17,JPY,NENHUMA
2025-11-17,NZD,NENHUMA
2025-11-17,USD,NENHUMA
2025-11-18,AUD,NENHUMA
2025-11-18,CAD,NENHUMA
2025-11-18,CHF,NENHUMA
2025-11-18,EUR,NENHUMA
2025-11-18,GBP,NENHUMA
2025-11-18,JPY,NENHUMA
2025-11-18,NZD,NENHUMA
2025-11-18,USD,NENHUMA
2025-11-19,AUD,NENHUMA
2025-11-19,CAD,NENHUMA
2025-11-19,CHF,NENHUMA
2025-11-19,EUR,ALTA
2025-11-19,GBP,NENHUMA
2025-11-19,JPY,NENHUMA
2025-11-19,NZD,NENHUMA
2025-11-19,USD,ALTA
2025-11-20,AUD,NENHUMA
2025-11-20,CAD,NENHUMA
2025-11-20,CHF,NENHUMA
2025-11-20,EUR,NENHUMA
2025-11-20,GBP,NENHUMA
2025-11-20,JPY,NENHUMA
2025-11-20,NZD,NENHUMA
2025-11-20,USD,NENHUMA
2025-11-21,AUD,NENHUMA
2025-11-21,CAD,NENHUMA
2025-11-21,CHF,NENHUMA
2025-11-21,EUR,NENHUMA
2025-11-21,GBP,NENHUMA
2025-11-21,JPY,ALTA
2025-11-21,NZD,NENHUMA
2025-11-21,USD,NENHUMA
2025-11-24,AUD,NENHUMA
2025-11-24,CAD,NENHUMA
2025-11-24,CHF,NENHUMA
2025-11-24,EUR,ALTA
2025-11-24,GBP,NENHUMA
2025-11-24,JPY,BAIXA
2025-11-24,NZD,NENHUMA
2025-11-24,USD,NENHUMA
2025-11-25,AUD,NENHUMA
2025-11-25,CAD,NENHUMA
2025-11-25,CHF,BAIXA
2025-11-25,EUR,NENHUMA
2025-11-25,GBP,ALTA
2025-11-25,JPY,NENHUMA
2025-11-25,NZD,NENHUMA
2025-11-25,USD,NENHUMA
2025-11-26,AUD,ALTA
2025-11-26,CAD,NENHUMA
2025-11-26,CHF,NENHUMA
2025-11-26,EUR,NENHUMA
2025-11-26,GBP,NENHUMA
2025-11-26,JPY,BAIXA
2025-11-26,NZD,ALTA
2025-11-26,USD,NENHUMA
2025-11-27,AUD,NENHUMA
2025-11-27,CAD,NENHUMA
2025-11-27,CHF,BAIXA
2025-11-27,EUR,NENHUMA
2025-11-27,GBP,NENHUMA
2025-11-27,JPY,NENHUMA
2025-11-27,NZD,NENHUMA
2025-11-27,USD,NENHUMA
2025-11-28,AUD,NENHUMA
2025-11-28,CAD,NENHUMA
2025-11-28,CHF,NENHUMA
2025-11-28,EUR,NENHUMA
2025-11-28,GBP,NENHUMA
2025-11-28,JPY,NENHUMA
2025-11-28,NZD,NENHUMA
2025-11-28,USD,NENHUMA
2025-12-01,AUD,NENHUMA
2025-12-01,CAD,BAIXA
2025-12-01,CHF,NENHUMA
2025-12-01,EUR,NENHUMA
2025-12-01,GBP,NENHUMA
2025-12-01,JPY,NENHUMA
2025-12-01,NZD,NENHUMA
2025-12-01,USD,NENHUMA
2025-12-02,AUD,ALTA
2025-12-02,CAD,NENHUMA
2025-12-02,CHF,NENHUMA
2025-12-02,EUR,ALTA
2025-12-02,GBP,NENHUMA
2025-12-02,JPY,BAIXA
2025-12-02,NZD,NENHUMA
2025-12-02,USD,NENHUMA
2025-12-03,AUD,NENHUMA
2025-12-03,CAD,NENHUMA
2025-12-03,CHF,NENHUMA
2025-12-03,EUR,NENHUMA
2025-12-03,GBP,ALTA
2025-12-03,JPY,NENHUMA
2025-12-03,NZD,NENHUMA
2025-12-03,USD,BAIXA
2025-12-04,AUD,ALTA
2025-12-04,CAD,BAIXA
2025-12-04,CHF,NENHUMA
2025-12-04,EUR,NENHUMA
2025-12-04,GBP,NENHUMA
2025-12-04,JPY,NENHUMA
2025-12-04,NZD,NENHUMA
2025-12-04,USD,NENHUMA
2025-12-05,AUD,ALTA
2025-12-05,CAD,NENHUMA
2025-12-05,CHF,NENHUMA
2025-12-05,EUR,NENHUMA
2025-12-05,GBP,NENHUMA
2025-12-05,JPY,NENHUMA
2025-12-05,NZD,NENHUMA
2025-12-05,USD,NENHUMA
2025-12-08,AUD,NENHUMA
2025-12-08,CAD,NENHUMA
2025-12-08,CHF,NENHUMA
2025-12-08,EUR,ALTA
2025-12-08,GBP,NENHUMA
2025-12-08,JPY,BAIXA
2025-12-08,NZD,NENHUMA
2025-12-08,USD,NENHUMA
2025-12-09,AUD,NENHUMA
2025-12-09,CAD,NENHUMA
2025-12-09,CHF,NENHUMA
2025-12-09,EUR,NENHUMA
2025-12-09,GBP,NENHUMA
2025-12-09,JPY,BAIXA
2025-12-09,NZD,NENHUMA
2025-12-09,USD,NENHUMA
2025-12-10,AUD,NENHUMA
2025-12-10,CAD,NENHUMA
2025-12-10,CHF,NENHUMA
2025-12-10,EUR,NENHUMA
2025-12-10,GBP,NENHUMA
2025-12-10,JPY,NENHUMA
2025-12-10,NZD,NENHUMA
2025-12-10,USD,NENHUMA
2025-12-11,AUD,BAIXA
2025-12-11,CAD,NENHUMA
2025-12-11,CHF,ALTA
2025-12-11,EUR,ALTA
2025-12-11,GBP,NENHUMA
2025-12-11,JPY,NENHUMA
2025-12-11,NZD,NENHUMA
2025-12-11,USD,NENHUMA
2025-12-12,AUD,NENHUMA
2025-12-12,CAD,NENHUMA
2025-12-12,CHF,NENHUMA
2025-12-12,EUR,NENHUMA
2025-12-12,GBP,NENHUMA
2025-12-12,JPY,NENHUMA
2025-12-12,NZD,NENHUMA
2025-12-12,USD,NENHUMA
2025-12-15,AUD,NENHUMA
2025-12-15,CAD,NENHUMA
2025-12-15,CHF,NENHUMA
2025-12-15,EUR,NENHUMA
2025-12-15,GBP,NENHUMA
2025-12-15,JPY,ALTA
2025-12-15,NZD,NENHUMA
2025-12-15,USD,NENHUMA
2025-12-16,AUD,NENHUMA
2025-12-16,CAD,NENHUMA
2025-12-16,CHF,BAIXA
2025-12-16,EUR,NENHUMA
2025-12-16,GBP,ALTA
2025-12-16,JPY,NENHUMA
2025-12-16,NZD,NENHUMA
2025-12-16,USD,NENHUMA
2025-12-17,AUD,NENHUMA
2025-12-17,CAD,NENHUMA
2025-12-17,CHF,NENHUMA
2025-12-17,EUR,NENHUMA
2025-12-17,GBP,BAIXA
2025-12-17,JPY,BAIXA
2025-12-17,NZD,NENHUMA
2025-12-17,USD,ALTA
2025-12-18,AUD,NENHUMA
2025-12-18,CAD,NENHUMA
2025-12-18,CHF,BAIXA
2025-12-18,EUR,NENHUMA
2025-12-18,GBP,NENHUMA
2025-12-18,JPY,NENHUMA
2025-12-18,NZD,NENHUMA
2025-12-18,USD,NENHUMA
2025-12-19,AUD,NENHUMA
2025-12-19,CAD,NENHUMA
2025-12-19,CHF,NENHUMA
2025-12-19,EUR,ALTA
2025-12-19,GBP,ALTA
2025-12-19,JPY,BAIXA
2025-12-19,NZD,NENHUMA
2025-12-19,USD,ALTA
2025-12-22,AUD,NENHUMA
2025-12-22,CAD,NENHUMA
2025-12-22,CHF,NENHUMA
2025-12-22,EUR,NENHUMA
2025-12-22,GBP,ALTA
2025-12-22,JPY,NENHUMA
2025-12-22,NZD,NENHUMA
2025-12-22,USD,BAIXA
2025-12-23,AUD,ALTA
2025-12-23,CAD,BAIXA
2025-12-23,CHF,NENHUMA
2025-12-23,EUR,NENHUMA
2025-12-23,GBP,NENHUMA
2025-12-23,JPY,NENHUMA
2025-12-23,NZD,ALTA
2025-12-23,USD,BAIXA
2025-12-24,AUD,NENHUMA
2025-12-24,CAD,NENHUMA
2025-12-24,CHF,NENHUMA
2025-12-24,EUR,NENHUMA
2025-12-24,GBP,NENHUMA
2025-12-24,JPY,NENHUMA
2025-12-24,NZD,NENHUMA
2025-12-24,USD,NENHUMA
2025-12-26,AUD,NENHUMA
2025-12-26,CAD,NENHUMA
2025-12-26,CHF,NENHUMA
2025-12-26,EUR,NENHUMA
2025-12-26,GBP,NENHUMA
2025-12-26,JPY,NENHUMA
2025-12-26,NZD,NENHUMA
2025-12-26,USD,ALTA
2025-12-29,AUD,NENHUMA
2025-12-29,CAD,NENHUMA
2025-12-29,CHF,NENHUMA
2025-12-29,EUR,ALTA
2025-12-29,GBP,NENHUMA
2025-12-29,JPY,NENHUMA
2025-12-29,NZD,BAIXA
2025-12-29,USD,NENHUMA
2025-12-30,AUD,NENHUMA
2025-12-30,CAD,NENHUMA
2025-12-30,CHF,NENHUMA
2025-12-30,EUR,NENHUMA
2025-12-30,GBP,NENHUMA
2025-12-30,JPY,NENHUMA
2025-12-30,NZD,NENHUMA
2025-12-30,USD,NENHUMA
2025-12-31,AUD,NENHUMA
2025-12-31,CAD,NENHUMA
2025-12-31,CHF,NENHUMA
2025-12-31,EUR,NENHUMA
2025-12-31,GBP,NENHUMA
2025-12-31,JPY,NENHUMA
2025-12-31,NZD,BAIXA
2025-12-31,USD,ALTA
2026-01-02,AUD,ALTA
2026-01-02,CAD,NENHUMA
2026-01-02,CHF,BAIXA
2026-01-02,EUR,BAIXA
2026-01-02,GBP,NENHUMA
2026-01-02,JPY,NENHUMA
2026-01-02,NZD,NENHUMA
2026-01-02,USD,NENHUMA
2026-01-05,AUD,NENHUMA
2026-01-05,CAD,NENHUMA
2026-01-05,CHF,BAIXA
2026-01-05,EUR,NENHUMA
2026-01-05,GBP,ALTA
2026-01-05,JPY,NENHUMA
2026-01-05,NZD,NENHUMA
2026-01-05,USD,NENHUMA
2026-01-06,AUD,NENHUMA
2026-01-06,CAD,NENHUMA
2026-01-06,CHF,NENHUMA
2026-01-06,EUR,NENHUMA
2026-01-06,GBP,NENHUMA
2026-01-06,JPY,NENHUMA
2026-01-06,NZD,NENHUMA
2026-01-06,USD,NENHUMA
2026-01-07,AUD,NENHUMA
2026-01-07,CAD,NENHUMA
2026-01-07,CHF,NENHUMA
2026-01-07,EUR,NENHUMA
2026-01-07,GBP,NENHUMA
2026-01-07,JPY,NENHUMA
2026-01-07,NZD,NENHUMA
2026-01-07,USD,NENHUMA
2026-01-08,AUD,NENHUMA
2026-01-08,CAD,NENHUMA
2026-01-08,CHF,NENHUMA
2026-01-08,EUR,ALTA
2026-01-08,GBP,NENHUMA
2026-01-08,JPY,NENHUMA
2026-01-08,NZD,BAIXA
2026-01-08,USD,ALTA
2026-01-09,AUD,NENHUMA
2026-01-09,CAD,NENHUMA
2026-01-09,CHF,NENHUMA
2026-01-09,EUR,ALTA
2026-01-09,GBP,NENHUMA
2026-01-09,JPY,BAIXA
2026-01-09,NZD,NENHUMA
2026-01-09,USD,ALTA
2026-01-12,AUD,NENHUMA
2026-01-12,CAD,NENHUMA
2026-01-12,CHF,NENHUMA
2026-01-12,EUR,ALTA
2026-01-12,GBP,ALTA
2026-01-12,JPY,BAIXA
2026-01-12,NZD,NENHUMA
2026-01-12,USD,BAIXA
2026-01-13,AUD,NENHUMA
2026-01-13,CAD,NENHUMA
2026-01-13,CHF,NENHUMA
2026-01-13,EUR,ALTA
2026-01-13,GBP,ALTA
2026-01-13,JPY,BAIXA
2026-01-13,NZD,NENHUMA
2026-01-13,USD,NENHUMA
2026-01-14,AUD,NENHUMA
2026-01-14,CAD,BAIXA
2026-01-14,CHF,BAIXA
2026-01-14,EUR,NENHUMA
2026-01-14,GBP,ALTA
2026-01-14,JPY,NENHUMA
2026-01-14,NZD,NENHUMA
2026-01-14,USD,NENHUMA
2026-01-15,AUD,ALTA
2026-01-15,CAD,BAIXA
2026-01-15,CHF,NENHUMA
2026-01-15,EUR,NENHUMA
2026-01-15,GBP,NENHUMA
2026-01-15,JPY,NENHUMA
2026-01-15,NZD,NENHUMA
2026-01-15,USD,NENHUMA
2026-01-16,AUD,NENHUMA
2026-01-16,CAD,BAIXA
2026-01-16,CHF,NENHUMA
2026-01-16,EUR,NENHUMA
2026-01-16,GBP,NENHUMA
2026-01-16,JPY,NENHUMA
2026-01-16,NZD,NENHUMA
2026-01-16,USD,NENHUMA
2026-01-19,AUD,NENHUMA
2026-01-19,CAD,NENHUMA
2026-01-19,CHF,NENHUMA
2026-01-19,EUR,NENHUMA
2026-01-19,GBP,NENHUMA
2026-01-19,JPY,BAIXA
2026-01-19,NZD,ALTA
2026-01-19,USD,BAIXA
2026-01-20,AUD,NENHUMA
2026-01-20,CAD,NENHUMA
2026-01-20,CHF,ALTA
2026-01-20,EUR,ALTA
2026-01-20,GBP,NENHUMA
2026-01-20,JPY,NENHUMA
2026-01-20,NZD,NENHUMA
2026-01-20,USD,BAIXA
2026-01-21,AUD,ALTA
2026-01-21,CAD,NENHUMA
2026-01-21,CHF,BAIXA
2026-01-21,EUR,NENHUMA
2026-01-21,GBP,NENHUMA
2026-01-21,JPY,NENHUMA
2026-01-21,NZD,ALTA
2026-01-21,USD,NENHUMA
2026-01-22,AUD,ALTA
2026-01-22,CAD,NENHUMA
2026-01-22,CHF,NENHUMA
2026-01-22,EUR,NENHUMA
2026-01-22,GBP,NENHUMA
2026-01-22,JPY,BAIXA
2026-01-22,NZD,ALTA
2026-01-22,USD,BAIXA
2026-01-23,AUD,NENHUMA
2026-01-23,CAD,NENHUMA
2026-01-23,CHF,BAIXA
2026-01-23,EUR,NENHUMA
2026-01-23,GBP,ALTA
2026-01-23,JPY,NENHUMA
2026-01-23,NZD,BAIXA
2026-01-23,USD,NENHUMA
2026-01-26,AUD,NENHUMA
2026-01-26,CAD,NENHUMA
2026-01-26,CHF,NENHUMA
2026-01-26,EUR,NENHUMA
2026-01-26,GBP,NENHUMA
2026-01-26,JPY,NENHUMA
2026-01-26,NZD,NENHUMA
2026-01-26,USD,NENHUMA
2026-01-27,AUD,NENHUMA
2026-01-27,CAD,NENHUMA
2026-01-27,CHF,NENHUMA
2026-01-27,EUR,NENHUMA
2026-01-27,GBP,NENHUMA
2026-01-27,JPY,NENHUMA
2026-01-27,NZD,NENHUMA
2026-01-27,USD,NENHUMA
2026-01-28,AUD,NENHUMA
2026-01-28,CAD,ALTA
2026-01-28,CHF,BAIXA
2026-01-28,EUR,NENHUMA
2026-01-28,GBP,NENHUMA
2026-01-28,JPY,NENHUMA
2026-01-28,NZD,NENHUMA
2026-01-28,USD,NENHUMA
2026-01-29,AUD,NENHUMA
2026-01-29,CAD,NENHUMA
2026-01-29,CHF,NENHUMA
2026-01-29,EUR,NENHUMA
2026-01-29,GBP,NENHUMA
2026-01-29,JPY,NENHUMA
2026-01-29,NZD,NENHUMA
2026-01-29,USD,NENHUMA
2026-01-30,AUD,NENHUMA
2026-01-30,CAD,NENHUMA
2026-01-30,CHF,NENHUMA
2026-01-30,EUR,NENHUMA
2026-01-30,GBP,NENHUMA
2026-01-30,JPY,NENHUMA
2026-01-30,NZD,NENHUMA
2026-01-30,USD,ALTA
2026-02-02,AUD,NENHUMA
2026-02-02,CAD,NENHUMA
2026-02-02,CHF,BAIXA
2026-02-02,EUR,NENHUMA
2026-02-02,GBP,NENHUMA
2026-02-02,JPY,NENHUMA
2026-02-02,NZD,NENHUMA
2026-02-02,USD,NENHUMA
2026-02-03,AUD,ALTA
2026-02-03,CAD,BAIXA
2026-02-03,CHF,NENHUMA
2026-02-03,EUR,NENHUMA
2026-02-03,GBP,NENHUMA
2026-02-03,JPY,BAIXA
2026-02-03,NZD,ALTA
2026-02-03,USD,NENHUMA
2026-02-04,AUD,NENHUMA
2026-02-04,CAD,NENHUMA
2026-02-04,CHF,NENHUMA
2026-02-04,EUR,NENHUMA
2026-02-04,GBP,ALTA
2026-02-04,JPY,BAIXA
2026-02-04,NZD,NENHUMA
2026-02-04,USD,NENHUMA
2026-02-05,AUD,NENHUMA
2026-02-05,CAD,NENHUMA
2026-02-05,CHF,NENHUMA
2026-02-05,EUR,NENHUMA
2026-02-05,GBP,BAIXA
2026-02-05,JPY,NENHUMA
2026-02-05,NZD,NENHUMA
2026-02-05,USD,ALTA
2026-02-06,AUD,ALTA
2026-02-06,CAD,NENHUMA
2026-02-06,CHF,BAIXA
2026-02-06,EUR,NENHUMA
2026-02-06,GBP,NENHUMA
2026-02-06,JPY,BAIXA
2026-02-06,NZD,ALTA
2026-02-06,USD,NENHUMA
2026-02-09,AUD,NENHUMA
2026-02-09,CAD,NENHUMA
2026-02-09,CHF,NENHUMA
2026-02-09,EUR,ALTA
2026-02-09,GBP,NENHUMA
2026-02-09,JPY,NENHUMA
2026-02-09,NZD,BAIXA
2026-02-09,USD,NENHUMA
2026-02-10,AUD,NENHUMA
2026-02-10,CAD,NENHUMA
2026-02-10,CHF,NENHUMA
2026-02-10,EUR,NENHUMA
2026-02-10,GBP,NENHUMA
2026-02-10,JPY,NENHUMA
2026-02-10,NZD,NENHUMA
2026-02-10,USD,NENHUMA
2026-02-11,AUD,ALTA
2026-02-11,CAD,NENHUMA
2026-02-11,CHF,BAIXA
2026-02-11,EUR,NENHUMA
2026-02-11,GBP,NENHUMA
2026-02-11,JPY,NENHUMA
2026-02-11,NZD,NENHUMA
2026-02-11,USD,BAIXA
2026-02-12,AUD,NENHUMA
2026-02-12,CAD,NENHUMA
2026-02-12,CHF,NENHUMA
2026-02-12,EUR,NENHUMA
2026-02-12,GBP,NENHUMA
2026-02-12,JPY,NENHUMA
2026-02-12,NZD,ALTA
2026-02-12,USD,NENHUMA
2026-02-13,AUD,NENHUMA
2026-02-13,CAD,NENHUMA
2026-02-13,CHF,NENHUMA
2026-02-13,EUR,NENHUMA
2026-02-13,GBP,NENHUMA
2026-02-13,JPY,BAIXA
2026-02-13,NZD,NENHUMA
2026-02-13,USD,NENHUMA
2026-02-16,AUD,ALTA
2026-02-16,CAD,NENHUMA
2026-02-16,CHF,BAIXA
2026-02-16,EUR,NENHUMA
2026-02-16,GBP,NENHUMA
2026-02-16,JPY,BAIXA
2026-02-16,NZD,NENHUMA
2026-02-16,USD,NENHUMA
2026-02-17,AUD,NENHUMA
2026-02-17,CAD,NENHUMA
2026-02-17,CHF,NENHUMA
2026-02-17,EUR,NENHUMA
2026-02-17,GBP,BAIXA
2026-02-17,JPY,NENHUMA
2026-02-17,NZD,NENHUMA
2026-02-17,USD,NENHUMA
2026-02-18,AUD,NENHUMA
2026-02-18,CAD,NENHUMA
2026-02-18,CHF,NENHUMA
2026-02-18,EUR,NENHUMA
2026-02-18,GBP,ALTA
2026-02-18,JPY,NENHUMA
2026-02-18,NZD,BAIXA
2026-02-18,USD,NENHUMA
2026-02-19,AUD,NENHUMA
2026-02-19,CAD,NENHUMA
2026-02-19,CHF,BAIXA
2026-02-19,EUR,NENHUMA
2026-02-19,GBP,NENHUMA
2026-02-19,JPY,NENHUMA
2026-02-19,NZD,NENHUMA
2026-02-19,USD,NENHUMA
2026-02-20,AUD,NENHUMA
2026-02-20,CAD,NENHUMA
2026-02-20,CHF,NENHUMA
2026-02-20,EUR,NENHUMA
2026-02-20,GBP,NENHUMA
2026-02-20,JPY,NENHUMA
2026-02-20,NZD,NENHUMA
2026-02-20,USD,NENHUMA
2026-02-23,AUD,NENHUMA
2026-02-23,CAD,NENHUMA
2026-02-23,CHF,NENHUMA
2026-02-23,EUR,NENHUMA
2026-02-23,GBP,ALTA
2026-02-23,JPY,NENHUMA
2026-02-23,NZD,NENHUMA
2026-02-23,USD,NENHUMA
2026-02-24,AUD,NENHUMA
2026-02-24,CAD,NENHUMA
2026-02-24,CHF,NENHUMA
2026-02-24,EUR,NENHUMA
2026-02-24,GBP,NENHUMA
2026-02-24,JPY,BAIXA
2026-02-24,NZD,ALTA
2026-02-24,USD,NENHUMA
2026-02-25,AUD,ALTA
2026-02-25,CAD,NENHUMA
2026-02-25,CHF,NENHUMA
2026-02-25,EUR,NENHUMA
2026-02-25,GBP,ALTA
2026-02-25,JPY,BAIXA
2026-02-25,NZD,NENHUMA
2026-02-25,USD,NENHUMA
2026-02-26,AUD,NENHUMA
2026-02-26,CAD,NENHUMA
2026-02-26,CHF,BAIXA
2026-02-26,EUR,NENHUMA
2026-02-26,GBP,NENHUMA
2026-02-26,JPY,NENHUMA
2026-02-26,NZD,NENHUMA
2026-02-26,USD,NENHUMA
2026-02-27,AUD,NENHUMA
2026-02-27,CAD,NENHUMA
2026-02-27,CHF,NENHUMA
2026-02-27,EUR,NENHUMA
2026-02-27,GBP,NENHUMA
2026-02-27,JPY,NENHUMA
2026-02-27,NZD,NENHUMA
2026-02-27,USD,NENHUMA
2026-03-02,AUD,ALTA
2026-03-02,CAD,NENHUMA
2026-03-02,CHF,BAIXA
2026-03-02,EUR,NENHUMA
2026-03-02,GBP,NENHUMA
2026-03-02,JPY,BAIXA
2026-03-02,NZD,NENHUMA
2026-03-02,USD,NENHUMA
2026-03-03,AUD,NENHUMA
2026-03-03,CAD,ALTA
2026-03-03,CHF,BAIXA
2026-03-03,EUR,NENHUMA
2026-03-03,GBP,NENHUMA
2026-03-03,JPY,NENHUMA
2026-03-03,NZD,NENHUMA
2026-03-03,USD,ALTA
2026-03-04,AUD,NENHUMA
2026-03-04,CAD,NENHUMA
2026-03-04,CHF,BAIXA
2026-03-04,EUR,NENHUMA
2026-03-04,GBP,NENHUMA
2026-03-04,JPY,NENHUMA
2026-03-04,NZD,NENHUMA
2026-03-04,USD,NENHUMA
2026-03-05,AUD,NENHUMA
2026-03-05,CAD,NENHUMA
2026-03-05,CHF,NENHUMA
2026-03-05,EUR,NENHUMA
2026-03-05,GBP,NENHUMA
2026-03-05,JPY,NENHUMA
2026-03-05,NZD,NENHUMA
2026-03-05,USD,NENHUMA
2026-03-06,AUD,NENHUMA
2026-03-06,CAD,NENHUMA
2026-03-06,CHF,NENHUMA
2026-03-06,EUR,NENHUMA
2026-03-06,GBP,NENHUMA
2026-03-06,JPY,NENHUMA
2026-03-06,NZD,NENHUMA
2026-03-06,USD,NENHUMA
2026-03-09,AUD,NENHUMA
2026-03-09,CAD,NENHUMA
2026-03-09,CHF,NENHUMA
2026-03-09,EUR,NENHUMA
2026-03-09,GBP,NENHUMA
2026-03-09,JPY,BAIXA
2026-03-09,NZD,ALTA
2026-03-09,USD,NENHUMA
2026-03-10,AUD,ALTA
2026-03-10,CAD,NENHUMA
2026-03-10,CHF,NENHUMA
2026-03-10,EUR,NENHUMA
2026-03-10,GBP,NENHUMA
2026-03-10,JPY,NENHUMA
2026-03-10,NZD,NENHUMA
2026-03-10,USD,NENHUMA
2026-03-11,AUD,ALTA
2026-03-11,CAD,NENHUMA
2026-03-11,CHF,NENHUMA
2026-03-11,EUR,NENHUMA
2026-03-11,GBP,NENHUMA
2026-03-11,JPY,BAIXA
2026-03-11,NZD,NENHUMA
2026-03-11,USD,NENHUMA
2026-03-12,AUD,NENHUMA
2026-03-12,CAD,NENHUMA
2026-03-12,CHF,NENHUMA
2026-03-12,EUR,NENHUMA
2026-03-12,GBP,NENHUMA
2026-03-12,JPY,NENHUMA
2026-03-12,NZD,NENHUMA
2026-03-12,USD,NENHUMA
2026-03-13,AUD,NENHUMA
2026-03-13,CAD,NENHUMA
2026-03-13,CHF,NENHUMA
2026-03-13,EUR,NENHUMA
2026-03-13,GBP,BAIXA
2026-03-13,JPY,ALTA
2026-03-13,NZD,NENHUMA
2026-03-13,USD,ALTA
2026-03-16,AUD,NENHUMA
2026-03-16,CAD,NENHUMA
2026-03-16,CHF,NENHUMA
2026-03-16,EUR,NENHUMA
2026-03-16,GBP,NENHUMA
2026-03-16,JPY,NENHUMA
2026-03-16,NZD,ALTA
2026-03-16,USD,NENHUMA
2026-03-17,AUD,NENHUMA
2026-03-17,CAD,NENHUMA
2026-03-17,CHF,NENHUMA
2026-03-17,EUR,NENHUMA
2026-03-17,GBP,NENHUMA
2026-03-17,JPY,NENHUMA
2026-03-17,NZD,BAIXA
2026-03-17,USD,NENHUMA
2026-03-18,AUD,NENHUMA
2026-03-18,CAD,NENHUMA
2026-03-18,CHF,BAIXA
2026-03-18,EUR,NENHUMA
2026-03-18,GBP,NENHUMA
2026-03-18,JPY,NENHUMA
2026-03-18,NZD,NENHUMA
2026-03-18,USD,NENHUMA
2026-03-19,AUD,NENHUMA
2026-03-19,CAD,BAIXA
2026-03-19,CHF,NENHUMA
2026-03-19,EUR,NENHUMA
2026-03-19,GBP,NENHUMA
2026-03-19,JPY,NENHUMA
2026-03-19,NZD,ALTA
2026-03-19,USD,NENHUMA
2026-03-20,AUD,NENHUMA
2026-03-20,CAD,ALTA
2026-03-20,CHF,NENHUMA
2026-03-20,EUR,NENHUMA
2026-03-20,GBP,BAIXA
2026-03-20,JPY,BAIXA
2026-03-20,NZD,NENHUMA
2026-03-20,USD,ALTA
2026-03-23,AUD,BAIXA
2026-03-23,CAD,NENHUMA
2026-03-23,CHF,NENHUMA
2026-03-23,EUR,NENHUMA
2026-03-23,GBP,NENHUMA
2026-03-23,JPY,ALTA
2026-03-23,NZD,BAIXA
2026-03-23,USD,ALTA
2026-03-24,AUD,NENHUMA
2026-03-24,CAD,NENHUMA
2026-03-24,CHF,ALTA
2026-03-24,EUR,NENHUMA
2026-03-24,GBP,NENHUMA
2026-03-24,JPY,NENHUMA
2026-03-24,NZD,NENHUMA
2026-03-24,USD,NENHUMA
2026-03-25,AUD,NENHUMA
2026-03-25,CAD,NENHUMA
2026-03-25,CHF,NENHUMA
2026-03-25,EUR,NENHUMA
2026-03-25,GBP,NENHUMA
2026-03-25,JPY,NENHUMA
2026-03-25,NZD,NENHUMA
2026-03-25,USD,NENHUMA
2026-03-26,AUD,NENHUMA
2026-03-26,CAD,NENHUMA
2026-03-26,CHF,NENHUMA
2026-03-26,EUR,NENHUMA
2026-03-26,GBP,NENHUMA
2026-03-26,JPY,NENHUMA
2026-03-26,NZD,BAIXA
2026-03-26,USD,NENHUMA
2026-03-27,AUD,NENHUMA
2026-03-27,CAD,NENHUMA
2026-03-27,CHF,BAIXA
2026-03-27,EUR,NENHUMA
2026-03-27,GBP,BAIXA
2026-03-27,JPY,NENHUMA
2026-03-27,NZD,NENHUMA
2026-03-27,USD,NENHUMA
2026-03-30,AUD,NENHUMA
2026-03-30,CAD,NENHUMA
2026-03-30,CHF,BAIXA
2026-03-30,EUR,NENHUMA
2026-03-30,GBP,NENHUMA
2026-03-30,JPY,ALTA
2026-03-30,NZD,NENHUMA
2026-03-30,USD,NENHUMA
2026-03-31,AUD,NENHUMA
2026-03-31,CAD,NENHUMA
2026-03-31,CHF,BAIXA
2026-03-31,EUR,NENHUMA
2026-03-31,GBP,ALTA
2026-03-31,JPY,NENHUMA
2026-03-31,NZD,NENHUMA
2026-03-31,USD,NENHUMA
2026-04-01,AUD,NENHUMA
2026-04-01,CAD,NENHUMA
2026-04-01,CHF,ALTA
2026-04-01,EUR,NENHUMA
2026-04-01,GBP,NENHUMA
2026-04-01,JPY,NENHUMA
2026-04-01,NZD,NENHUMA
2026-04-01,USD,BAIXA
2026-04-02,AUD,NENHUMA
2026-04-02,CAD,ALTA
2026-04-02,CHF,BAIXA
2026-04-02,EUR,NENHUMA
2026-04-02,GBP,NENHUMA
2026-04-02,JPY,NENHUMA
2026-04-02,NZD,NENHUMA
2026-04-02,USD,ALTA
2026-04-03,AUD,NENHUMA
2026-04-03,CAD,NENHUMA
2026-04-03,CHF,NENHUMA
2026-04-03,EUR,ALTA
2026-04-03,GBP,ALTA
2026-04-03,JPY,NENHUMA
2026-04-03,NZD,NENHUMA
2026-04-03,USD,NENHUMA
2026-04-06,AUD,ALTA
2026-04-06,CAD,NENHUMA
2026-04-06,CHF,NENHUMA
2026-04-06,EUR,NENHUMA
2026-04-06,GBP,NENHUMA
2026-04-06,JPY,BAIXA
2026-04-06,NZD,ALTA
2026-04-06,USD,BAIXA
2026-04-07,AUD,ALTA
2026-04-07,CAD,BAIXA
2026-04-07,CHF,BAIXA
2026-04-07,EUR,ALTA
2026-04-07,GBP,NENHUMA
2026-04-07,JPY,NENHUMA
2026-04-07,NZD,NENHUMA
2026-04-07,USD,NENHUMA
2026-04-08,AUD,NENHUMA
2026-04-08,CAD,BAIXA
2026-04-08,CHF,NENHUMA
2026-04-08,EUR,NENHUMA
2026-04-08,GBP,NENHUMA
2026-04-08,JPY,NENHUMA
2026-04-08,NZD,ALTA
2026-04-08,USD,BAIXA
2026-04-09,AUD,NENHUMA
2026-04-09,CAD,NENHUMA
2026-04-09,CHF,NENHUMA
2026-04-09,EUR,ALTA
2026-04-09,GBP,NENHUMA
2026-04-09,JPY,BAIXA
2026-04-09,NZD,NENHUMA
2026-04-09,USD,NENHUMA
2026-04-10,AUD,NENHUMA
2026-04-10,CAD,NENHUMA
2026-04-10,CHF,NENHUMA
2026-04-10,EUR,ALTA
2026-04-10,GBP,NENHUMA
2026-04-10,JPY,NENHUMA
2026-04-10,NZD,NENHUMA
2026-04-10,USD,NENHUMA
2026-04-13,AUD,ALTA
2026-04-13,CAD,NENHUMA
2026-04-13,CHF,BAIXA
2026-04-13,EUR,NENHUMA
2026-04-13,GBP,NENHUMA
2026-04-13,JPY,BAIXA
2026-04-13,NZD,ALTA
2026-04-13,USD,NENHUMA
2026-04-14,AUD,NENHUMA
2026-04-14,CAD,NENHUMA
2026-04-14,CHF,NENHUMA
2026-04-14,EUR,NENHUMA
2026-04-14,GBP,NENHUMA
2026-04-14,JPY,NENHUMA
2026-04-14,NZD,ALTA
2026-04-14,USD,BAIXA
2026-04-15,AUD,ALTA
2026-04-15,CAD,NENHUMA
2026-04-15,CHF,NENHUMA
2026-04-15,EUR,NENHUMA
2026-04-15,GBP,NENHUMA
2026-04-15,JPY,NENHUMA
2026-04-15,NZD,NENHUMA
2026-04-15,USD,NENHUMA
2026-04-16,AUD,NENHUMA
2026-04-16,CAD,NENHUMA
2026-04-16,CHF,NENHUMA
2026-04-16,EUR,NENHUMA
2026-04-16,GBP,NENHUMA
2026-04-16,JPY,NENHUMA
2026-04-16,NZD,BAIXA
2026-04-16,USD,NENHUMA
2026-04-17,AUD,NENHUMA
2026-04-17,CAD,NENHUMA
2026-04-17,CHF,NENHUMA
2026-04-17,EUR,NENHUMA
2026-04-17,GBP,NENHUMA
2026-04-17,JPY,NENHUMA
2026-04-17,NZD,NENHUMA
2026-04-17,USD,NENHUMA
2026-04-20,AUD,ALTA
2026-04-20,CAD,NENHUMA
2026-04-20,CHF,BAIXA
2026-04-20,EUR,ALTA
2026-04-20,GBP,NENHUMA
2026-04-20,JPY,NENHUMA
2026-04-20,NZD,NENHUMA
2026-04-20,USD,NENHUMA
2026-04-21,AUD,NENHUMA
2026-04-21,CAD,NENHUMA
2026-04-21,CHF,BAIXA
2026-04-21,EUR,NENHUMA
2026-04-21,GBP,NENHUMA
2026-04-21,JPY,NENHUMA
2026-04-21,NZD,ALTA
2026-04-21,USD,NENHUMA
2026-04-22,AUD,NENHUMA
2026-04-22,CAD,NENHUMA
2026-04-22,CHF,BAIXA
2026-04-22,EUR,NENHUMA
2026-04-22,GBP,NENHUMA
2026-04-22,JPY,NENHUMA
2026-04-22,NZD,ALTA
2026-04-22,USD,NENHUMA
2026-04-23,AUD,NENHUMA
2026-04-23,CAD,NENHUMA
2026-04-23,CHF,NENHUMA
2026-04-23,EUR,NENHUMA
2026-04-23,GBP,NENHUMA
2026-04-23,JPY,NENHUMA
2026-04-23,NZD,BAIXA
2026-04-23,USD,NENHUMA
2026-04-24,AUD,NENHUMA
2026-04-24,CAD,NENHUMA
2026-04-24,CHF,BAIXA
2026-04-24,EUR,NENHUMA
2026-04-24,GBP,NENHUMA
2026-04-24,JPY,NENHUMA
2026-04-24,NZD,NENHUMA
2026-04-24,USD,NENHUMA
2026-04-27,AUD,ALTA
2026-04-27,CAD,NENHUMA
2026-04-27,CHF,NENHUMA
2026-04-27,EUR,NENHUMA
2026-04-27,GBP,NENHUMA
2026-04-27,JPY,NENHUMA
2026-04-27,NZD,ALTA
2026-04-27,USD,BAIXA
2026-04-28,AUD,NENHUMA
2026-04-28,CAD,NENHUMA
2026-04-28,CHF,BAIXA
2026-04-28,EUR,NENHUMA
2026-04-28,GBP,NENHUMA
2026-04-28,JPY,NENHUMA
2026-04-28,NZD,NENHUMA
2026-04-28,USD,NENHUMA
2026-04-29,AUD,NENHUMA
2026-04-29,CAD,NENHUMA
2026-04-29,CHF,NENHUMA
2026-04-29,EUR,ALTA
2026-04-29,GBP,NENHUMA
2026-04-29,JPY,NENHUMA
2026-04-29,NZD,BAIXA
2026-04-29,USD,NENHUMA
2026-04-30,AUD,NENHUMA
2026-04-30,CAD,NENHUMA
2026-04-30,CHF,NENHUMA
2026-04-30,EUR,NENHUMA
2026-04-30,GBP,NENHUMA
2026-04-30,JPY,ALTA
2026-04-30,NZD,NENHUMA
2026-04-30,USD,NENHUMA
2026-05-01,AUD,NENHUMA
2026-05-01,CAD,NENHUMA
2026-05-01,CHF,NENHUMA
2026-05-01,EUR,ALTA
2026-05-01,GBP,NENHUMA
2026-05-01,JPY,NENHUMA
2026-05-01,NZD,NENHUMA
2026-05-01,USD,NENHUMA
2026-05-04,AUD,NENHUMA
2026-05-04,CAD,NENHUMA
2026-05-04,CHF,BAIXA
2026-05-04,EUR,NENHUMA
2026-05-04,GBP,NENHUMA
2026-05-04,JPY,NENHUMA
2026-05-04,NZD,ALTA
2026-05-04,USD,NENHUMA
2026-05-05,AUD,NENHUMA
2026-05-05,CAD,NENHUMA
2026-05-05,CHF,NENHUMA
2026-05-05,EUR,NENHUMA
2026-05-05,GBP,ALTA
2026-05-05,JPY,NENHUMA
2026-05-05,NZD,NENHUMA
2026-05-05,USD,NENHUMA
2026-05-06,AUD,NENHUMA
2026-05-06,CAD,BAIXA
2026-05-06,CHF,NENHUMA
2026-05-06,EUR,NENHUMA
2026-05-06,GBP,NENHUMA
2026-05-06,JPY,NENHUMA
2026-05-06,NZD,ALTA
2026-05-06,USD,BAIXA
2026-05-07,AUD,ALTA
2026-05-07,CAD,NENHUMA
2026-05-07,CHF,NENHUMA
2026-05-07,EUR,ALTA
2026-05-07,GBP,NENHUMA
2026-05-07,JPY,NENHUMA
2026-05-07,NZD,NENHUMA
2026-05-07,USD,NENHUMA
2026-05-08,AUD,NENHUMA
2026-05-08,CAD,NENHUMA
2026-05-08,CHF,NENHUMA
2026-05-08,EUR,NENHUMA
2026-05-08,GBP,ALTA
2026-05-08,JPY,NENHUMA
2026-05-08,NZD,NENHUMA
2026-05-08,USD,BAIXA
2026-05-11,AUD,ALTA
2026-05-11,CAD,NENHUMA
2026-05-11,CHF,BAIXA
2026-05-11,EUR,NENHUMA
2026-05-11,GBP,ALTA
2026-05-11,JPY,BAIXA
2026-05-11,NZD,NENHUMA
2026-05-11,USD,NENHUMA
2026-05-12,AUD,NENHUMA
2026-05-12,CAD,NENHUMA
2026-05-12,CHF,BAIXA
2026-05-12,EUR,NENHUMA
2026-05-12,GBP,BAIXA
2026-05-12,JPY,NENHUMA
2026-05-12,NZD,NENHUMA
2026-05-12,USD,ALTA
2026-05-13,AUD,NENHUMA
2026-05-13,CAD,NENHUMA
2026-05-13,CHF,NENHUMA
2026-05-13,EUR,NENHUMA
2026-05-13,GBP,NENHUMA
2026-05-13,JPY,NENHUMA
2026-05-13,NZD,NENHUMA
2026-05-13,USD,NENHUMA
2026-05-14,AUD,NENHUMA
2026-05-14,CAD,NENHUMA
2026-05-14,CHF,NENHUMA
2026-05-14,EUR,NENHUMA
2026-05-14,GBP,NENHUMA
2026-05-14,JPY,NENHUMA
2026-05-14,NZD,NENHUMA
2026-05-14,USD,NENHUMA
2026-05-15,AUD,BAIXA
2026-05-15,CAD,NENHUMA
2026-05-15,CHF,NENHUMA
2026-05-15,EUR,NENHUMA
2026-05-15,GBP,NENHUMA
2026-05-15,JPY,ALTA
2026-05-15,NZD,BAIXA
2026-05-15,USD,ALTA
2026-05-18,AUD,NENHUMA
2026-05-18,CAD,NENHUMA
2026-05-18,CHF,NENHUMA
2026-05-18,EUR,ALTA
2026-05-18,GBP,ALTA
2026-05-18,JPY,BAIXA
2026-05-18,NZD,NENHUMA
2026-05-18,USD,NENHUMA
2026-05-19,AUD,BAIXA
2026-05-19,CAD,NENHUMA
2026-05-19,CHF,NENHUMA
2026-05-19,EUR,NENHUMA
2026-05-19,GBP,NENHUMA
2026-05-19,JPY,NENHUMA
2026-05-19,NZD,NENHUMA
2026-05-19,USD,ALTA
2026-05-20,AUD,NENHUMA
2026-05-20,CAD,BAIXA
2026-05-20,CHF,BAIXA
2026-05-20,EUR,NENHUMA
2026-05-20,GBP,NENHUMA
2026-05-20,JPY,NENHUMA
2026-05-20,NZD,NENHUMA
2026-05-20,USD,NENHUMA
2026-05-21,AUD,NENHUMA
2026-05-21,CAD,BAIXA
2026-05-21,CHF,NENHUMA
2026-05-21,EUR,ALTA
2026-05-21,GBP,NENHUMA
2026-05-21,JPY,NENHUMA
2026-05-21,NZD,NENHUMA
2026-05-21,USD,NENHUMA
2026-05-22,AUD,NENHUMA
2026-05-22,CAD,NENHUMA
2026-05-22,CHF,NENHUMA
2026-05-22,EUR,NENHUMA
2026-05-22,GBP,ALTA
2026-05-22,JPY,NENHUMA
2026-05-22,NZD,NENHUMA
2026-05-22,USD,NENHUMA
2026-05-25,AUD,NENHUMA
2026-05-25,CAD,NENHUMA
2026-05-25,CHF,ALTA
2026-05-25,EUR,NENHUMA
2026-05-25,GBP,ALTA
2026-05-25,JPY,BAIXA
2026-05-25,NZD,NENHUMA
2026-05-25,USD,NENHUMA
2026-05-26,AUD,NENHUMA
2026-05-26,CAD,NENHUMA
2026-05-26,CHF,BAIXA
2026-05-26,EUR,ALTA
2026-05-26,GBP,NENHUMA
2026-05-26,JPY,NENHUMA
2026-05-26,NZD,BAIXA
2026-05-26,USD,NENHUMA
2026-05-27,AUD,BAIXA
2026-05-27,CAD,BAIXA
2026-05-27,CHF,NENHUMA
2026-05-27,EUR,ALTA
2026-05-27,GBP,NENHUMA
2026-05-27,JPY,NENHUMA
2026-05-27,NZD,ALTA
2026-05-27,USD,NENHUMA
2026-05-28,AUD,NENHUMA
2026-05-28,CAD,NENHUMA
2026-05-28,CHF,BAIXA
2026-05-28,EUR,NENHUMA
2026-05-28,GBP,NENHUMA
2026-05-28,JPY,NENHUMA
2026-05-28,NZD,NENHUMA
2026-05-28,USD,NENHUMA
2026-05-29,AUD,NENHUMA
2026-05-29,CAD,BAIXA
2026-05-29,CHF,NENHUMA
2026-05-29,EUR,NENHUMA
2026-05-29,GBP,NENHUMA
2026-05-29,JPY,NENHUMA
2026-05-29,NZD,ALTA
2026-05-29,USD,NENHUMA
2026-06-01,AUD,ALTA
2026-06-01,CAD,NENHUMA
2026-06-01,CHF,BAIXA
2026-06-01,EUR,NENHUMA
2026-06-01,GBP,ALTA
2026-06-01,JPY,NENHUMA
2026-06-01,NZD,NENHUMA
2026-06-01,USD,NENHUMA
2026-06-02,AUD,ALTA
2026-06-02,CAD,NENHUMA
2026-06-02,CHF,NENHUMA
2026-06-02,EUR,ALTA
2026-06-02,GBP,NENHUMA
2026-06-02,JPY,NENHUMA
2026-06-02,NZD,NENHUMA
2026-06-02,USD,NENHUMA
2026-06-03,AUD,NENHUMA
2026-06-03,CAD,NENHUMA
2026-06-03,CHF,BAIXA
2026-06-03,EUR,NENHUMA
2026-06-03,GBP,NENHUMA
2026-06-03,JPY,ALTA
2026-06-03,NZD,BAIXA
2026-06-03,USD,NENHUMA
2026-06-04,AUD,NENHUMA
2026-06-04,CAD,BAIXA
2026-06-04,CHF,NENHUMA
2026-06-04,EUR,ALTA
2026-06-04,GBP,NENHUMA
2026-06-04,JPY,NENHUMA
2026-06-04,NZD,NENHUMA
2026-06-04,USD,NENHUMA
2026-06-05,AUD,NENHUMA
2026-06-05,CAD,NENHUMA
2026-06-05,CHF,NENHUMA
2026-06-05,EUR,ALTA
2026-06-05,GBP,ALTA
2026-06-05,JPY,NENHUMA
2026-06-05,NZD,NENHUMA
2026-06-05,USD,NENHUMA
2026-06-08,AUD,ALTA
2026-06-08,CAD,BAIXA
2026-06-08,CHF,BAIXA
2026-06-08,EUR,NENHUMA
2026-06-08,GBP,NENHUMA
2026-06-08,JPY,NENHUMA
2026-06-08,NZD,ALTA
2026-06-08,USD,NENHUMA
2026-06-09,AUD,NENHUMA
2026-06-09,CAD,NENHUMA
2026-06-09,CHF,NENHUMA
2026-06-09,EUR,NENHUMA
2026-06-09,GBP,ALTA
2026-06-09,JPY,BAIXA
2026-06-09,NZD,NENHUMA
2026-06-09,USD,NENHUMA
2026-06-10,AUD,NENHUMA
2026-06-10,CAD,NENHUMA
2026-06-10,CHF,NENHUMA
2026-06-10,EUR,ALTA
2026-06-10,GBP,ALTA
2026-06-10,JPY,NENHUMA
2026-06-10,NZD,NENHUMA
2026-06-10,USD,NENHUMA
2026-06-11,AUD,NENHUMA
2026-06-11,CAD,BAIXA
2026-06-11,CHF,NENHUMA
2026-06-11,EUR,ALTA
2026-06-11,GBP,NENHUMA
2026-06-11,JPY,NENHUMA
2026-06-11,NZD,NENHUMA
2026-06-11,USD,NENHUMA
2026-06-12,AUD,NENHUMA
2026-06-12,CAD,BAIXA
2026-06-12,CHF,NENHUMA
2026-06-12,EUR,ALTA
2026-06-12,GBP,NENHUMA
2026-06-12,JPY,NENHUMA
2026-06-12,NZD,NENHUMA
2026-06-12,USD,NENHUMA
2026-06-15,AUD,NENHUMA
2026-06-15,CAD,NENHUMA
2026-06-15,CHF,ALTA
2026-06-15,EUR,NENHUMA
2026-06-15,GBP,NENHUMA
2026-06-15,JPY,BAIXA
2026-06-15,NZD,NENHUMA
2026-06-15,USD,BAIXA
2026-06-16,AUD,NENHUMA
2026-06-16,CAD,NENHUMA
2026-06-16,CHF,NENHUMA
2026-06-16,EUR,ALTA
2026-06-16,GBP,ALTA
2026-06-16,JPY,NENHUMA
2026-06-16,NZD,NENHUMA
2026-06-16,USD,NENHUMA
2026-06-17,AUD,NENHUMA
2026-06-17,CAD,NENHUMA
2026-06-17,CHF,NENHUMA
2026-06-17,EUR,NENHUMA
2026-06-17,GBP,NENHUMA
2026-06-17,JPY,NENHUMA
2026-06-17,NZD,NENHUMA
2026-06-17,USD,NENHUMA
2026-06-18,AUD,NENHUMA
2026-06-18,CAD,NENHUMA
2026-06-18,CHF,BAIXA
2026-06-18,EUR,NENHUMA
2026-06-18,GBP,BAIXA
2026-06-18,JPY,NENHUMA
2026-06-18,NZD,NENHUMA
2026-06-18,USD,NENHUMA
2026-06-19,AUD,NENHUMA
2026-06-19,CAD,NENHUMA
2026-06-19,CHF,NENHUMA
2026-06-19,EUR,NENHUMA
2026-06-19,GBP,ALTA
2026-06-19,JPY,NENHUMA
2026-06-19,NZD,BAIXA
2026-06-19,USD,NENHUMA
2026-06-22,AUD,NENHUMA
2026-06-22,CAD,NENHUMA
2026-06-22,CHF,NENHUMA
2026-06-22,EUR,NENHUMA
2026-06-22,GBP,ALTA
2026-06-22,JPY,BAIXA
2026-06-22,NZD,NENHUMA
2026-06-22,USD,NENHUMA
2026-06-23,AUD,BAIXA
2026-06-23,CAD,NENHUMA
2026-06-23,CHF,NENHUMA
2026-06-23,EUR,NENHUMA
2026-06-23,GBP,NENHUMA
2026-06-23,JPY,ALTA
2026-06-23,NZD,BAIXA
2026-06-23,USD,ALTA
2026-06-24,AUD,NENHUMA
2026-06-24,CAD,NENHUMA
2026-06-24,CHF,NENHUMA
2026-06-24,EUR,NENHUMA
2026-06-24,GBP,ALTA
2026-06-24,JPY,NENHUMA
2026-06-24,NZD,BAIXA
2026-06-24,USD,ALTA
2026-06-25,AUD,NENHUMA
2026-06-25,CAD,NENHUMA
2026-06-25,CHF,NENHUMA
2026-06-25,EUR,NENHUMA
2026-06-25,GBP,ALTA
2026-06-25,JPY,NENHUMA
2026-06-25,NZD,NENHUMA
2026-06-25,USD,NENHUMA
2026-06-26,AUD,BAIXA
2026-06-26,CAD,NENHUMA
2026-06-26,CHF,NENHUMA
2026-06-26,EUR,ALTA
2026-06-26,GBP,NENHUMA
2026-06-26,JPY,NENHUMA
2026-06-26,NZD,NENHUMA
2026-06-26,USD,NENHUMA
2026-06-29,AUD,NENHUMA
2026-06-29,CAD,NENHUMA
2026-06-29,CHF,NENHUMA
2026-06-29,EUR,NENHUMA
2026-06-29,GBP,NENHUMA
2026-06-29,JPY,BAIXA
2026-06-29,NZD,NENHUMA
2026-06-29,USD,NENHUMA
2026-06-30,AUD,NENHUMA
2026-06-30,CAD,NENHUMA
2026-06-30,CHF,BAIXA
2026-06-30,EUR,NENHUMA
2026-06-30,GBP,NENHUMA
2026-06-30,JPY,NENHUMA
2026-06-30,NZD,NENHUMA
2026-06-30,USD,NENHUMA
2026-07-01,AUD,BAIXA
2026-07-01,CAD,NENHUMA
2026-07-01,CHF,NENHUMA
2026-07-01,EUR,NENHUMA
2026-07-01,GBP,NENHUMA
2026-07-01,JPY,NENHUMA
2026-07-01,NZD,NENHUMA
2026-07-01,USD,NENHUMA
2026-07-02,AUD,NENHUMA
2026-07-02,CAD,BAIXA
2026-07-02,CHF,NENHUMA
2026-07-02,EUR,NENHUMA
2026-07-02,GBP,ALTA
2026-07-02,JPY,ALTA
2026-07-02,NZD,NENHUMA
2026-07-02,USD,BAIXA
2026-07-03,AUD,ALTA
2026-07-03,CAD,BAIXA
2026-07-03,CHF,NENHUMA
2026-07-03,EUR,NENHUMA
2026-07-03,GBP,NENHUMA
2026-07-03,JPY,NENHUMA
2026-07-03,NZD,ALTA
2026-07-03,USD,NENHUMA
